kode,c,min,max2m,max6m,max1y,p2m,p6m,p1y
AALI,5775,5250,5776,6661,8200,100,37,18
ABBA,25,19,25,47,97,100,21,8
ABDA,5000,5000,5000,5374,6100,100,0,0
ABMM,3790,3210,3635,3633,4340,100,100,51
ACES,800,655,836,823,995,80,86,43
ACRO,80,72,86,95,191,57,35,7
ACST,107,61,105,139,262,100,59,23
ADCP,50,50,50,52,65,100,0,0
ADES,10000,8725,10042,9847,14125,97,100,24
ADHI,252,168,220,310,515,100,59,24
ADMF,11950,10175,12076,11792,14300,93,100,43
ADMG,104,96,112,132,165,50,22,12
ADMR,1345,920,1352,1335,1600,98,100,62
ADRO,3100,2320,2833,2641,3150,100,100,94
AEGS,28,21,33,64,133,58,16,6
AGAR,252,86,255,147,402,98,100,53
AGII,1745,1435,1764,1633,1985,94,100,56
AGRO,240,206,238,271,394,100,52,18
AGRS,76,51,62,74,98,100,100,53
AHAP,110,53,96,103,188,100,100,42
AIMS,316,202,360,534,1365,72,34,10
AISA,116,98,116,128,184,100,60,21
AKKU,16,7,12,36,55,100,31,19
AKPI,610,500,612,683,1090,98,60,19
AKRA,1515,1255,1584,1577,1865,79,81,43
AKSI,112,100,113,140,236,92,30,9
ALDO,448,302,432,398,520,100,100,67
ALII,340,268,349,410,895,89,51,11
ALKA,334,262,328,443,1015,100,40,10
ALMI,55,52,63,140,300,27,3,1
ALTO,11,8,10,36,50,100,11,7
AMAG,322,280,308,307,366,100,100,49
AMAN,113,76,103,116,214,100,92,27
AMAR,222,197,237,276,350,62,32,16
AMFG,4840,4560,4761,5513,6650,100,29,13
AMIN,159,116,156,155,208,100,100,47
AMMN,11300,1860,11306,8346,15000,100,100,72
AMMS,23,17,21,34,58,100,35,15
AMOR,855,705,831,943,1500,100,63,19
AMRT,2880,2490,2791,2813,3030,100,100,72
ANDI,7,3,6,35,50,100,12,9
ANJT,730,615,677,715,920,100,100,38
ANTM,1350,1175,1371,1576,2060,89,44,20
APEX,151,121,139,175,340,100,56,14
APIC,1090,910,1071,1124,1545,100,84,28
APII,179,170,178,186,204,100,56,26
APLI,580,360,596,556,690,93,100,67
APLN,104,78,102,121,171,100,60,28
ARCI,282,199,271,343,484,100,58,29
AREA,175,96,159,148,193,100,100,81
ARGO,865,494,993,930,1220,74,85,51
ARII,252,190,281,264,434,68,84,25
ARKA,11,6,10,36,50,100,17,11
ARKO,1030,620,850,829,1315,100,100,59
ARMY,0,0,0,0,0,100,100,100
ARNA,715,560,631,674,940,100,100,41
ARTA,2720,1415,2574,2505,3000,100,100,82
ARTI,2,1,3,14,50,50,8,2
ARTO,2310,1530,2266,2524,3860,100,78,33
ASBI,785,496,852,737,990,81,100,59
ASDM,474,440,478,484,555,89,77,30
ASGR,775,710,756,858,1125,100,44,16
ASHA,9,9,28,44,185,0,0,0
ASII,4530,4290,4534,5213,6950,98,26,9
ASJT,115,104,115,119,148,100,73,25
ASLC,92,58,86,94,131,100,94,47
ASLI,50,50,50,51,133,100,0,0
ASMI,8,6,10,37,82,50,6,3
ASPI,282,128,240,210,492,100,100,42
ASRI,138,124,133,154,202,100,47,18
ASRM,378,360,385,392,426,72,56,27
ASSA,770,610,734,792,1380,100,88,21
ATAP,50,50,50,53,84,100,0,0
ATIC,346,308,350,372,565,90,59,15
ATLA,50,50,75,105,314,0,0,0
AUTO,2210,1795,1954,2294,3620,100,83,23
AVIA,494,422,516,524,650,77,71,32
AWAN,318,194,343,298,378,83,100,67
AXIO,170,107,183,190,252,83,76,43
AYAM,117,74,107,108,182,100,100,40
AYLS,50,50,50,53,75,100,0,0
BABP,55,50,51,56,102,100,83,10
BABY,216,81,166,181,332,100,100,54
BACA,131,129,131,130,139,100,100,20
BAIK,59,50,66,80,346,56,30,3
BAJA,103,72,99,119,222,100,66,21
BALI,950,600,1015,992,1550,84,89,37
BANK,940,875,931,1041,1420,100,39,12
BAPA,50,50,50,57,90,100,0,0
BAPI,0,0,0,0,0,100,100,100
BATA,64,58,66,115,496,75,11,1
BATR,0,76,90,90,148,0,0,0
BAUT,16,12,17,39,50,80,15,11
BAYU,1295,1205,1331,1394,1700,71,48,18
BBCA,10125,8600,9588,9461,10400,100,100,85
BBHI,870,675,850,1144,1890,100,42,16
BBKP,56,50,55,73,109,100,26,10
BBLD,630,498,603,631,980,100,99,27
BBMD,1960,1680,1946,1938,2050,100,100,76
BBNI,5100,4260,4701,5226,6250,100,87,42
BBRI,4900,4090,4573,5311,6450,100,66,34
BBRM,60,50,59,65,92,100,67,24
BBSI,4030,2830,4240,3966,4730,85,100,63
BBSS,145,50,122,105,180,100,100,73
BBTN,1370,1175,1267,1304,1610,100,100,45
BBYB,252,208,248,296,505,100,50,15
BCAP,50,22,40,48,64,100,100,67
BCIC,93,88,94,112,173,83,21,6
BCIP,50,50,50,56,70,100,0,0
BDKR,850,342,578,542,850,100,100,100
BDMN,2610,2430,2583,2748,3320,100,57,20
BEBS,5,2,26,44,50,12,7,6
BEEF,177,84,198,213,332,82,72,38
BEER,238,220,251,281,352,58,30,14
BEKS,23,19,24,41,50,80,18,13
BELI,452,418,460,468,496,81,68,44
BELL,52,50,63,72,126,15,9,3
BESS,169,124,158,177,260,100,85,33
BEST,106,86,103,127,189,100,49,19
BFIN,840,800,944,1119,1390,28,13,7
BGTG,62,61,65,71,96,25,10,3
BHAT,430,294,385,470,680,100,77,35
BHIT,44,20,39,47,55,100,89,69
BIKA,0,0,0,0,0,100,100,100
BIKE,715,296,556,463,740,100,100,94
BIMA,79,73,79,92,165,100,32,7
BINA,4210,3610,4184,4158,4400,100,100,76
BINO,141,118,138,129,171,100,100,43
BIPI,63,59,68,90,138,44,13,5
BIPP,31,20,23,40,50,100,55,37
BIRD,1550,1450,1525,1749,2430,100,33,10
BISI,1670,1350,1730,1672,2200,84,99,38
BJBR,1020,935,985,1112,1250,100,48,27
BJTM,550,496,543,601,695,100,51,27
BKDP,50,50,50,53,88,100,0,0
BKSL,38,29,32,45,60,100,56,29
BKSW,62,50,57,71,96,100,57,26
BLES,0,224,262,262,318,0,0,0
BLTA,16,12,16,38,50,100,15,11
BLTZ,1885,1400,1912,2050,3900,95,75,19
BLUE,334,310,339,359,525,83,49,11
BMAS,510,484,509,587,1150,100,25,4
BMBL,8,4,6,17,48,100,31,9
BMHS,290,230,302,336,414,83,57,33
BMRI,6525,5500,6136,6343,7500,100,100,51
BMSR,326,244,334,343,565,91,83,26
BMTR,228,200,227,249,360,100,57,18
BNBA,650,570,610,678,1245,100,74,12
BNBR,26,19,32,46,57,54,26,18
BNGA,1805,1570,1763,1811,2220,100,98,36
BNII,220,184,218,242,300,100,62,31
BNLI,920,850,898,923,995,100,96,48
BOBA,162,132,167,162,248,86,100,26
BOGA,790,630,865,1061,1265,68,37,25
BOLA,103,74,97,134,228,100,48,19
BOLT,930,550,857,823,1060,100,100,75
BOSS,0,0,0,0,0,100,100,100
BPFI,330,302,342,389,500,70,32,14
BPII,560,494,544,526,585,100,100,73
BPTR,84,50,84,82,145,100,100,36
BRAM,5875,5400,5870,5925,7475,100,90,23
BREN,8725,975,9276,6744,12200,93,100,69
BRIS,2450,1450,2416,2122,2960,100,100,66
BRMS,158,127,148,164,226,100,84,31
BRNA,605,605,642,843,1045,0,0,0
BRPT,1055,754,1068,1085,1947,96,91,25
BSBK,72,48,57,54,96,100,100,50
BSDE,1040,870,963,1006,1235,100,100,47
BSIM,845,755,856,890,1050,89,67,31
BSML,112,89,121,158,302,72,33,11
BSSR,4120,3560,3958,3843,4480,100,100,61
BSWD,0,0,0,0,0,100,100,100
BTEK,3,1,2,34,50,100,6,4
BTEL,0,0,0,0,0,100,100,100
BTON,410,324,411,412,494,99,98,51
BTPN,2350,2180,2328,2530,2780,100,49,28
BTPS,1200,1000,1160,1451,2260,100,44,16
BUAH,1435,1020,1363,1685,2200,100,62,35
BUDI,262,230,267,264,294,86,94,50
BUKA,126,114,130,172,268,75,21,8
BUKK,990,875,996,1045,1600,95,68,16
BULL,131,56,135,120,189,95,100,56
BUMI,78,69,83,94,186,64,36,8
BUVA,54,34,56,55,72,91,95,53
BVIC,80,50,75,86,116,100,83,45
BWPT,52,50,52,54,70,100,50,10
BYAN,17950,14950,17926,18908,21900,100,76,43
CAKK,176,98,145,150,210,100,100,70
CAMP,348,170,380,362,434,85,93,67
CANI,36,24,46,52,116,55,43,13
CARE,80,56,102,190,545,52,18,5
CARS,77,66,86,99,122,55,33,20
CASA,482,354,486,585,770,97,55,31
CASH,86,60,80,104,161,100,59,26
CASS,1100,500,1080,896,1250,100,100,80
CBMF,0,0,0,0,0,100,100,100
CBPE,129,110,125,128,167,100,100,33
CBRE,25,13,24,41,54,100,43,29
CBUT,990,800,1028,1730,4000,83,20,6
CCSI,352,340,381,442,710,29,12,3
CEKA,1825,1800,1860,1864,2030,42,39,11
CENT,35,30,35,51,87,100,24,9
CFIN,470,460,485,493,750,40,30,3
CGAS,124,87,131,193,1030,84,35,4
CHEM,74,57,76,102,144,89,38,20
CHIP,1655,1320,1849,2142,2950,63,41,21
CINT,141,122,138,156,266,100,56,13
CITA,2240,1840,2280,2214,3500,91,100,24
CITY,50,50,50,63,147,100,0,0
CLAY,278,86,285,236,362,96,100,70
CLEO,1170,610,1243,840,1440,88,100,67
CLPI,1100,935,1104,1017,1290,98,100,46
CMNP,1520,1480,1526,1552,1800,87,56,12
CMNT,1140,815,1082,1051,1200,100,100,84
CMPP,65,52,59,101,185,100,27,10
CMRY,4950,3520,4967,4335,5325,99,100,79
CNKO,6,4,5,35,50,100,6,4
CNMA,222,190,216,250,340,100,53,21
CNTX,0,0,0,0,0,100,100,100
COAL,40,20,37,47,119,100,74,20
COCO,116,110,134,160,280,25,12,4
COWL,0,0,0,0,0,100,100,100
CPIN,5475,4410,5213,5122,5800,100,100,77
CPRI,0,0,0,0,0,100,100,100
CPRO,52,50,50,52,91,100,100,5
CRAB,274,212,295,270,334,75,100,51
CRSN,99,91,101,105,140,80,57,16
CSAP,478,430,491,557,710,79,38,17
CSIS,50,17,36,48,66,100,100,67
CSMI,2640,2520,2869,2934,3190,34,29,18
CSRA,640,400,504,481,665,100,100,91
CTBN,1185,990,1216,1306,2220,86,62,16
CTRA,1225,975,1154,1171,1335,100,100,69
CTTH,17,11,14,23,50,100,50,15
CUAN,8850,1295,8311,7478,13750,100,100,61
CYBR,330,130,381,262,448,80,100,63
DADA,6,4,6,18,50,100,14,4
DART,106,71,92,121,218,100,70,24
DATA,0,226,350,350,492,0,0,0
DAYA,382,196,376,321,430,100,100,79
DCII,39500,32525,36872,37468,59050,100,100,26
DEAL,0,0,0,0,0,100,100,100
DEFI,0,0,0,0,0,100,100,100
DEPO,354,336,367,380,450,58,41,16
DEWA,66,53,61,65,93,100,100,32
DEWI,65,50,66,62,81,94,100,48
DFAM,50,50,50,55,86,100,0,0
DGIK,86,72,88,90,128,88,78,25
DGNS,216,160,235,269,436,75,51,20
DIGI,15,8,13,23,50,100,47,17
DILD,173,151,170,187,254,100,61,21
DIVA,89,76,94,190,462,72,11,3
DKFT,110,88,102,108,141,100,100,42
DLTA,2980,2740,3000,3337,3910,92,40,21
DMAS,156,144,158,164,179,86,60,34
DMMX,127,63,114,224,505,100,40,14
DMND,730,680,721,784,890,100,48,24
DNAR,79,66,83,110,168,76,30,13
DNET,4950,4070,4860,4668,5000,100,100,95
DOID,675,320,564,440,685,100,100,97
DOOH,52,50,53,91,252,67,5,1
DPNS,380,374,391,429,585,35,11,3
DPUM,59,12,25,26,66,100,100,87
DRMA,1015,815,919,1203,1815,100,52,20
DSFI,55,50,52,61,86,100,45,14
DSNG,635,490,646,593,715,93,100,64
DSSA,28500,4400,22064,12837,30275,100,100,93
DUCK,0,0,0,0,0,100,100,100
DUTI,4000,3670,4159,4501,4950,67,40,26
DVLA,1575,1375,1545,1625,2110,100,80,27
DWGL,103,83,101,113,162,100,67,25
DYAN,86,73,84,88,122,100,87,27
EAST,126,95,125,140,184,100,69,35
ECII,256,240,255,288,450,100,33,8
EDGE,3940,3300,3997,4474,11550,92,55,8
EKAD,222,210,222,241,280,100,39,17
ELIT,108,76,104,97,136,100,100,53
ELPI,292,214,292,281,338,100,100,63
ELSA,535,370,439,411,545,100,100,94
ELTY,8,6,8,35,50,100,7,5
EMDE,137,77,90,117,206,100,100,47
EMTK,422,350,411,489,735,100,52,19
ENAK,1005,990,1029,1199,1495,38,7,3
ENRG,224,159,193,215,302,100,100,45
ENVY,0,0,0,0,0,100,100,100
ENZO,37,19,29,44,75,100,72,32
EPAC,12,4,7,8,16,100,100,67
EPMT,2450,2250,2342,2496,3000,100,81,27
ERAA,386,326,395,408,545,87,73,27
ERAL,228,197,221,290,480,100,33,11
ERTX,254,175,236,285,446,100,72,29
ESIP,22,15,20,39,55,100,29,18
ESSA,850,490,796,657,920,100,100,84
ESTA,124,62,107,86,138,100,100,82
ESTI,30,25,28,41,65,100,31,12
ETWA,0,0,0,0,0,100,100,100
EURO,222,65,240,168,308,90,100,65
EXCL,2180,1885,2282,2248,2650,74,81,39
FAPA,5300,4980,5300,5285,5375,100,100,81
FAST,460,452,542,700,990,9,3,1
FASW,0,0,0,0,0,100,100,100
FILM,4180,2040,4314,4133,6250,94,100,51
FIMP,43,35,45,54,76,80,42,20
FIRE,92,53,90,112,210,100,66,25
FISH,6275,5450,5852,5595,6275,100,100,100
FITT,100,94,232,491,665,4,2,1
FLMC,75,21,48,53,102,100,100,67
FMII,150,121,149,241,615,100,24,6
FOLK,53,50,59,64,135,33,21,4
FOOD,120,83,123,112,166,92,100,45
FORU,1940,130,970,557,1940,100,100,100
FORZ,0,0,0,0,0,100,100,100
FPNI,177,131,166,187,246,100,82,40
FREN,34,27,40,48,68,54,33,17
FUJI,194,181,221,246,346,32,20,8
FUTR,9,7,27,45,80,10,5,3
FWCT,115,51,130,88,173,81,100,52
GAMA,0,0,0,0,0,100,100,100
GDST,134,89,115,123,180,100,100,49
GDYR,1440,1170,1459,1364,1800,93,100,43
GEMA,278,195,277,266,460,100,100,31
GEMS,8475,5475,6795,6124,8600,100,100,96
GGRM,16925,16900,18182,20286,29550,2,1,0
GGRP,570,396,451,448,630,100,100,74
GHON,1845,1500,1744,1816,2190,100,100,50
GIAA,54,48,54,70,105,100,27,11
GJTL,1130,630,1123,1056,1490,100,100,58
GLOB,74,62,74,91,122,100,41,20
GLVA,370,240,337,499,1100,100,50,15
GMFI,53,45,53,70,102,100,32,14
GMTD,4820,1485,5016,3675,7000,94,100,60
GOLD,320,228,316,308,492,100,100,35
GOLF,0,200,237,237,302,0,0,0
GOLL,0,0,0,0,0,100,100,100
GOOD,376,350,388,413,476,68,41,21
GOTO,50,50,57,74,116,0,0,0
GPRA,93,70,83,91,111,100,100,56
GPSO,128,102,190,157,262,30,47,16
GRIA,202,76,187,130,208,100,100,95
GRPH,50,50,50,55,134,100,0,0
GRPM,44,35,45,50,85,90,60,18
GSMF,50,50,50,57,80,100,0,0
GTBO,328,189,269,400,1025,100,66,17
GTRA,121,96,123,199,442,93,24,7
GTSI,37,22,38,47,60,94,60,39
GULA,825,240,671,466,825,100,100,100
GUNA,0,202,292,292,392,0,0,0
GWSA,150,128,142,151,192,100,96,34
GZCO,90,72,89,98,179,100,69,17
HADE,3,2,3,4,7,100,50,20
HAIS,220,197,214,235,344,100,61,16
HAJJ,108,100,116,136,220,50,22,7
HALO,51,31,48,52,98,100,95,30
HATM,236,200,235,267,402,100,54,18
HBAT,34,26,35,39,118,89,62,9
HDFA,90,80,90,99,158,100,53,13
HDIT,11,7,9,36,59,100,14,8
HDTX,0,0,0,0,0,100,100,100
HEAL,1335,1060,1330,1349,1575,100,95,53
HELI,120,70,286,343,740,23,18,7
HERO,665,600,701,873,1450,64,24,8
HEXA,6675,5200,6208,5861,6950,100,100,84
HILL,2710,940,2792,2438,3380,96,100,73
HITS,310,238,349,366,590,65,56,20
HKMU,0,0,0,0,0,100,100,100
HMSP,730,670,728,842,1005,100,35,18
HOKI,152,68,149,157,204,100,94,62
HOME,0,0,0,0,0,100,100,100
HOMI,150,101,153,224,1005,94,40,5
HOPE,19,15,25,43,63,40,14,8
HOTL,0,0,0,0,0,100,100,100
HRME,23,16,22,40,50,100,29,21
HRTA,392,320,371,385,580,100,100,28
HRUM,1240,1050,1235,1357,1945,100,62,21
HUMI,77,50,78,115,312,96,42,10
HYGN,140,108,145,145,226,86,86,27
IATA,42,24,39,48,67,100,75,42
IBFN,2,2,7,17,33,0,0,0
IBOS,100,92,171,437,1000,10,2,1
IBST,5600,4000,5005,5002,6900,100,100,55
ICBP,10800,9600,10424,10771,11825,100,100,54
ICON,22,16,30,46,85,43,20,9
IDEA,33,27,36,52,143,67,24,5
IDPR,142,117,141,143,216,100,96,25
IFII,174,140,180,162,210,85,100,49
IFSH,810,655,813,900,1200,98,63,28
IGAR,490,418,490,454,510,100,100,78
IIKP,0,0,0,0,0,100,100,100
IKAI,8,5,8,35,52,100,10,6
IKAN,22,13,30,45,66,53,28,17
IKBI,450,264,454,478,970,98,87,26
IKPM,266,164,236,237,332,100,100,61
IMAS,1345,1200,1316,1405,2470,100,71,11
IMJS,179,132,179,259,402,100,37,17
IMPC,350,304,352,366,410,96,74,43
INAF,0,0,0,0,0,100,100,100
INAI,155,155,177,192,262,0,0,0
INCF,18,10,13,36,51,100,31,20
INCI,555,496,543,548,625,100,100,46
INCO,3840,3610,4310,4395,7000,33,29,7
INDF,6075,5850,6074,6357,7375,100,44,15
INDO,100,88,102,97,127,86,100,31
INDR,2700,2660,2933,3188,4300,15,8,2
INDS,332,195,270,248,380,100,100,74
INDX,80,63,81,107,183,94,39,14
INDY,1410,1155,1302,1484,2380,100,78,21
INET,51,50,51,105,314,100,2,0
INKP,8500,7600,9068,8875,11850,61,71,21
INOV,97,50,90,137,198,100,54,32
INPC,60,50,61,67,87,91,59,27
INPP,1070,442,1055,869,1160,100,100,87
INPS,121,110,126,154,354,69,25,5
INRU,540,350,494,701,1235,100,54,21
INTA,4,4,9,35,55,0,0,0
INTD,120,102,120,138,230,100,50,14
INTP,7350,6275,7181,8589,11500,100,46,21
IOTF,104,54,79,135,270,100,62,23
IPAC,80,75,89,98,139,36,22,8
IPCC,685,600,676,699,800,100,86,42
IPCM,270,246,269,276,298,100,80,46
IPOL,136,110,135,138,161,100,93,51
IPPE,11,6,11,37,50,100,16,11
IPTV,35,18,35,47,70,100,59,33
IRRA,470,436,479,522,1045,79,40,6
IRSX,10,9,28,45,116,5,3,1
ISAP,9,6,9,10,24,100,75,17
ISAT,11500,8350,10544,10264,12250,100,100,81
ISEA,0,250,380,380,545,0,0,0
ISSP,284,254,281,290,332,100,83,38
ITIC,266,244,260,282,332,100,58,25
ITMA,945,376,868,700,985,100,100,93
ITMG,26525,23575,24760,25849,31425,100,100,38
JARR,252,143,321,266,580,61,89,25
JAST,47,30,43,49,80,100,89,34
JATI,50,50,50,57,142,100,0,0
JAWA,84,56,83,124,228,100,41,16
JAYA,93,77,91,110,140,100,48,25
JECC,635,298,694,590,872,85,100,59
JGLE,7,3,6,35,50,100,12,9
JIHD,300,278,338,376,490,37,22,10
JKON,93,78,88,93,153,100,100,20
JKSW,0,0,0,0,0,100,100,100
JMAS,57,50,55,60,110,100,70,12
JPFA,1685,1055,1447,1248,1710,100,100,96
JRPT,650,535,660,679,770,92,80,49
JSKY,0,0,0,0,0,100,100,100
JSMR,5350,3560,5041,4912,5700,100,100,84
JSPT,1980,830,1686,1330,1980,100,100,100
JTPE,276,200,275,301,378,100,75,43
KAEF,635,535,660,840,1935,80,33,7
KARW,760,50,397,208,760,100,100,100
KAYU,0,0,0,0,0,100,100,100
KBAG,15,9,11,37,50,100,21,15
KBLI,412,300,377,339,418,100,100,95
KBLM,248,218,239,258,316,100,75,31
KBLV,50,29,35,60,128,100,68,21
KBRI,0,0,0,0,0,100,100,100
KDSI,1590,1195,1675,1687,2540,82,80,29
KDTN,122,80,111,107,132,100,100,81
KEEN,700,665,718,774,1095,66,32,8
KEJU,1270,1105,1254,1191,1390,100,100,58
KETR,199,165,204,217,294,87,65,26
KIAS,15,10,12,14,28,100,100,28
KICI,126,103,129,139,252,88,64,15
KIJA,132,110,124,127,186,100,100,29
KING,167,84,149,134,189,100,100,79
KINO,1355,1075,1385,1377,1655,90,93,48
KIOS,50,50,50,53,79,100,0,0
KJEN,58,50,59,82,135,89,25,9
KKES,27,16,32,46,72,69,37,20
KKGI,530,286,492,412,594,100,100,79
KLAS,142,54,116,92,147,100,100,95
KLBF,1575,1375,1528,1563,1985,100,100,33
KLIN,25,10,18,25,49,100,100,38
KMDS,478,402,473,454,540,100,100,55
KMTR,208,180,208,257,308,100,36,22
KOBX,123,110,122,155,288,100,29,7
KOCI,54,50,54,54,142,100,100,4
KOIN,70,52,67,73,91,100,86,46
KOKA,72,50,75,73,174,88,96,18
KONI,920,800,965,1076,2410,73,43,7
KOPI,240,240,296,343,610,0,0,0
KOTA,12,5,10,36,50,100,23,16
KPAL,0,0,0,0,0,100,100,100
KPAS,0,0,0,0,0,100,100,100
KPIG,111,50,66,64,124,100,100,82
KRAH,0,0,0,0,0,100,100,100
KRAS,107,79,106,141,232,100,45,18
KREN,5,4,6,34,50,50,3,2
KRYA,60,50,51,56,86,100,100,28
KUAS,51,50,51,51,63,100,100,8
LABA,236,50,187,85,266,100,100,86
LABS,0,137,175,175,228,0,0,0
LAJU,50,50,50,58,97,100,0,0
LAND,11,9,10,23,50,100,14,5
LAPD,0,5,7,14,50,0,0,0
LCGP,0,0,0,0,0,100,100,100
LCKM,290,222,293,294,310,96,94,77
LEAD,85,50,78,70,95,100,100,78
LFLO,80,43,58,55,91,100,100,77
LIFE,5900,5900,6010,6020,6150,0,0,0
LINK,1300,825,1153,1276,1920,100,100,43
LION,450,420,481,528,810,49,28,8
LIVE,212,145,235,204,286,74,100,48
LMAS,0,0,0,0,0,100,100,100
LMAX,34,13,24,115,380,100,21,6
LMPI,90,90,93,107,181,0,0,0
LMSH,398,348,402,415,450,93,75,49
LOPI,48,36,49,60,93,92,50,21
LPCK,620,480,582,672,1070,100,73,24
LPGI,3490,2780,3179,3802,6050,100,69,22
LPIN,310,280,310,336,438,100,54,19
LPKR,62,50,67,77,107,71,44,21
LPLI,240,191,222,227,310,100,100,41
LPPF,1615,1340,1501,1797,3410,100,60,13
LPPS,54,50,57,64,84,57,29,12
LRNA,140,108,141,175,300,97,48,17
LSIP,815,750,822,877,1135,90,51,17
LTLS,1000,930,1005,1106,1350,93,40,17
LUCK,53,50,54,69,104,75,16,6
LUCY,125,109,127,140,177,89,52,24
MABA,0,0,0,0,0,100,100,100
MAGP,0,0,0,0,0,100,100,100
MAHA,197,159,214,203,306,69,86,26
MAIN,825,434,664,547,835,100,100,98
MAMI,0,0,0,0,0,100,100,100
MANG,141,60,153,140,232,87,100,47
MAPA,735,680,776,867,1170,57,29,11
MAPB,1880,1680,1865,1939,2370,100,77,29
MAPI,1385,1240,1418,1712,2070,81,31,17
MARI,50,50,50,57,143,100,0,0
MARK,890,436,908,734,1000,96,100,80
MASA,5975,2250,5544,4449,6000,100,100,99
MASB,3060,3000,3225,3409,3680,27,15,9
MAXI,57,37,51,51,73,100,100,56
MAYA,282,149,307,269,408,84,100,51
MBAP,3010,2510,2974,3965,5750,100,34,15
MBMA,620,476,610,619,940,100,100,31
MBSS,1010,970,1080,1126,1400,36,26,9
MBTO,78,56,74,94,173,100,58,19
MCAS,880,795,914,3368,8350,71,3,1
MCOL,5450,4340,5362,5545,6200,100,92,60
MCOR,66,53,66,74,89,100,62,36
MDIA,0,0,0,0,0,100,100,100
MDKA,2340,2060,2529,2499,3580,60,64,18
MDKI,190,183,190,197,228,100,50,16
MDLN,50,50,50,57,99,100,0,0
MDRN,5,4,5,5,12,100,100,12
MEDC,1285,950,1335,1298,1705,87,96,44
MEDS,50,50,50,53,107,100,0,0
MEGA,5000,4300,5124,5177,5500,85,80,58
MEJA,0,93,159,158,230,0,0,0
MENN,12,7,9,27,134,100,25,4
MERK,4060,3830,3976,4148,5100,100,72,18
META,0,0,0,0,0,100,100,100
MFIN,3110,2730,3130,3042,3220,95,100,78
MFMI,690,476,685,612,800,100,100,66
MGLV,63,43,67,71,120,83,71,26
MGNA,9,5,7,20,50,100,27,9
MGRO,695,500,723,663,845,87,100,57
MHKI,123,92,187,223,585,33,24,6
MICE,480,430,481,511,635,98,62,24
MIDI,410,344,396,426,530,100,80,35
MIKA,2940,2430,3003,2788,3200,89,100,66
MINA,28,11,17,39,65,100,61,31
MIRA,5,3,5,7,11,100,50,25
MITI,148,130,157,208,635,67,23,4
MKAP,272,150,352,309,474,60,77,38
MKNT,0,0,0,0,0,100,100,100
MKPI,26850,25000,27157,27821,37000,86,66,15
MKTR,122,110,121,130,196,100,60,14
MLBI,6300,5800,6138,7192,8925,100,36,16
MLIA,384,350,371,404,468,100,63,29
MLPL,55,50,55,64,109,100,36,8
MLPT,1235,1185,1255,1509,2090,71,15,6
MMIX,56,50,53,117,246,100,9,3
MMLP,344,258,317,319,432,100,100,49
MNCN,328,284,329,368,655,98,52,12
MOLI,274,190,277,328,515,97,61,26
MORA,446,410,449,458,490,92,75,45
MPIX,59,50,57,83,416,100,27,2
MPMX,990,915,998,1021,1095,90,71,42
MPOW,50,50,50,58,84,100,0,0
MPPA,50,50,50,57,122,100,0,0
MPRO,1465,1180,1403,1915,4750,100,39,8
MPXL,116,84,114,170,312,100,37,14
MRAT,466,320,428,426,775,100,100,32
MREI,1010,945,1059,1530,2350,57,11,5
MSIE,16,12,17,25,90,80,31,5
MSIN,2790,1655,2868,2943,3900,94,88,51
MSJA,292,250,296,309,510,91,71,16
MSKY,81,50,59,101,320,100,61,11
MSTI,1560,1085,1487,1393,1690,100,100,79
MTDL,650,450,583,550,690,100,100,83
MTEL,685,550,631,653,770,100,100,61
MTFN,0,0,0,0,0,100,100,100
MTLA,420,354,396,393,460,100,100,62
MTMH,1170,1050,1191,1312,1685,85,46,19
MTPS,14,5,11,21,50,100,56,20
MTRA,0,0,0,0,0,100,100,100
MTSM,89,60,74,161,580,100,29,6
MTWI,170,67,135,93,200,100,100,77
MUTU,77,52,80,98,214,89,54,15
MYOH,1455,1360,1742,1793,2130,25,22,12
MYOR,2580,2200,2372,2443,2850,100,100,58
MYRX,0,0,0,0,0,100,100,100
MYTX,25,20,41,49,74,24,17,9
NANO,14,12,14,17,26,100,40,14
NASA,11,8,11,16,26,100,38,17
NASI,185,50,169,100,226,100,100,77
NATO,150,91,149,207,525,100,51,14
NAYZ,20,14,20,21,39,100,86,24
NCKL,930,760,983,968,1205,76,82,38
NELY,462,422,454,494,680,100,56,16
NETV,98,31,86,68,173,100,100,47
NFCX,2200,1000,1494,3500,7375,100,48,19
NICE,525,438,656,735,1295,40,29,10
NICK,302,172,284,262,336,100,100,79
NICL,214,141,189,198,348,100,100,35
NIKL,270,238,284,333,635,70,34,8
NINE,7,4,6,9,21,100,60,18
NIPS,0,0,0,0,0,100,100,100
NIRO,140,133,140,140,150,100,100,41
NISP,1310,1050,1248,1233,1445,100,100,66
NOBU,625,406,664,750,935,85,64,41
NPGF,19,14,31,46,74,29,16,8
NRCA,338,320,339,339,402,95,95,22
NSSS,184,114,186,184,240,97,100,56
NTBK,50,50,50,55,93,100,0,0
NUSA,0,0,0,0,0,100,100,100
NZIA,50,50,54,80,154,0,0,0
OASA,130,92,125,136,286,100,86,20
OBMD,280,197,262,265,318,100,100,69
OCAP,0,0,0,0,0,100,100,100
OILS,84,63,82,118,184,100,38,17
OKAS,96,73,91,99,151,100,88,29
OLIV,6,4,6,9,17,100,40,15
OMED,188,149,197,203,242,81,72,42
OMRE,0,0,0,0,0,100,100,100
OPMS,67,50,61,55,79,100,100,59
PACK,31,28,34,41,240,50,23,1
PADA,20,9,29,45,50,55,31,27
PADI,6,4,7,8,11,67,50,29
PALM,388,336,396,457,675,87,43,15
PAMG,50,50,61,66,99,0,0,0
PANI,5600,1660,5107,4951,6150,100,100,88
PANR,420,364,399,503,840,100,40,12
PANS,1660,1515,1688,1650,1900,84,100,38
PART,0,102,132,132,174,0,0,0
PBID,436,321,440,377,505,97,100,62
PBRX,20,14,17,38,50,100,25,17
PBSA,290,274,290,307,376,100,48,16
PCAR,50,50,50,54,109,100,0,0
PDES,240,172,204,238,515,100,100,20
PDPP,615,224,582,419,685,100,100,85
PEGE,100,60,80,143,755,100,48,6
PEHA,352,302,391,524,1000,56,23,7
PEVE,250,135,250,189,370,100,100,49
PGAS,1595,1060,1544,1304,1650,100,100,91
PGEO,1290,755,1219,1246,1680,100,100,58
PGJO,90,66,89,84,100,100,100,71
PGLI,116,105,116,141,216,100,31,10
PGUN,326,310,327,400,505,94,18,8
PICO,90,72,88,110,204,100,47,14
PIPA,8,6,27,44,54,10,5,4
PJAA,730,570,670,855,1120,100,56,29
PKPK,340,298,339,342,398,100,95,42
PLAN,23,16,19,24,35,100,88,37
PLAS,0,0,0,0,0,100,100,100
PLIN,2580,2200,2624,2743,3900,90,70,22
PMJS,127,117,129,139,172,83,45,18
PMMP,206,156,210,279,530,93,41,13
PNBN,1215,1035,1171,1134,1425,100,100,46
PNBS,50,50,50,53,67,100,0,0
PNGO,1490,1235,1444,1438,1955,100,100,35
PNIN,925,830,880,924,1165,100,100,28
PNLF,326,242,323,284,410,100,100,50
PNSE,0,0,0,0,0,100,100,100
POLA,9,8,10,37,60,50,3,2
POLI,750,605,694,758,1000,100,95,37
POLL,0,0,0,0,0,100,100,100
POLU,426,202,428,591,825,99,58,36
POLY,19,10,17,38,50,100,32,22
POOL,0,0,0,0,0,100,100,100
PORT,745,595,704,729,1090,100,100,30
POSA,0,0,0,0,0,100,100,100
POWR,675,605,656,693,810,100,80,34
PPGL,101,85,93,97,127,100,100,38
PPRE,72,50,59,77,110,100,81,37
PPRI,150,51,141,94,187,100,100,73
PPRO,12,7,10,36,50,100,17,12
PRAS,0,0,0,0,0,100,100,100
PRAY,610,590,631,678,785,49,23,10
PRDA,2880,2700,2976,4598,6800,65,9,4
PRIM,59,50,60,78,139,90,32,10
PSAB,180,74,158,135,214,100,100,76
PSDN,82,68,83,98,187,93,47,12
PSGO,139,101,148,144,164,81,88,60
PSKT,20,17,24,40,51,43,13,9
PSSI,440,398,441,492,705,98,45,14
PTBA,2630,2300,2557,2627,3160,100,100,38
PTDU,11,8,11,37,67,100,10,5
PTIS,210,152,245,293,625,62,41,12
PTMP,80,80,128,186,338,0,0,0
PTPP,398,272,349,479,835,100,61,22
PTPS,75,60,103,171,464,35,14,4
PTPW,910,870,901,933,1065,100,63,21
PTRO,8475,2810,8266,5526,9850,100,100,80
PTSN,212,200,213,231,274,92,39,16
PTSP,950,780,945,1882,6675,100,15,3
PUDP,228,127,204,265,522,100,73,26
PURA,14,6,10,36,50,100,27,18
PURE,0,0,0,0,0,100,100,100
PURI,160,120,169,221,760,82,40,6
PWON,420,366,393,412,505,100,100,39
PYFA,103,81,112,651,1545,71,4,2
PZZA,240,218,243,329,458,88,20,9
RAAM,478,376,530,549,905,66,59,19
RAFI,33,17,35,47,85,89,53,24
RAJA,1135,820,1278,1258,1770,69,72,33
RALS,440,374,435,481,615,100,62,27
RANC,565,500,563,607,700,100,61,32
RBMS,27,22,25,41,51,100,26,17
RCCC,210,94,159,135,216,100,100,95
RDTX,14125,10700,14072,14254,16000,100,96,65
REAL,7,4,5,18,50,100,21,7
RELF,15,13,15,26,220,100,15,1
RELI,456,390,461,484,805,93,70,16
RGAS,88,50,94,95,150,86,84,38
RICY,100,50,63,95,149,100,100,51
RIGS,494,458,499,517,710,88,61,14
RIMO,0,0,0,0,0,100,100,100
RISE,990,925,976,980,1120,100,100,33
RMKE,655,448,542,577,1120,100,100,31
RMKO,210,194,203,242,700,100,33,3
ROCK,350,332,354,362,380,82,60,38
RODA,25,14,19,38,90,100,46,14
RONY,216,177,224,285,800,83,36,6
ROTI,1010,960,1019,1161,1485,85,25,10
RSCH,212,102,217,163,262,96,100,69
RSGK,870,795,912,1154,1550,64,21,10
RUIS,178,155,167,203,424,100,48,9
RUNS,55,43,53,55,74,100,100,39
SAFE,210,140,230,230,400,78,78,27
SAGE,12,10,28,45,50,11,6,5
SAME,256,186,251,297,406,100,63,32
SAMF,790,585,700,749,905,100,100,64
SAPX,1720,540,1451,938,1795,100,100,94
SATU,166,50,156,128,173,100,100,94
SBAT,0,0,0,0,0,100,100,100
SBMA,148,123,157,158,193,74,71,36
SCCO,2080,1915,2085,4928,11700,97,5,2
SCMA,140,117,141,147,170,96,77,43
SCNP,161,102,158,176,250,100,80,40
SCPI,0,0,0,0,0,100,100,100
SDMU,24,12,21,39,50,100,44,32
SDPC,133,121,133,150,214,100,41,13
SDRA,470,450,484,547,670,59,21,9
SEMA,115,72,114,117,152,100,96,54
SFAN,1810,1730,1813,1873,2290,96,56,14
SGER,474,141,529,571,781,86,77,52
SGRO,1990,1930,1992,2004,2100,97,81,35
SHID,970,625,996,1309,3620,93,50,12
SHIP,1070,900,986,1077,1510,100,96,28
SICO,97,80,92,102,155,100,77,23
SIDO,745,478,733,610,780,100,100,88
SILO,2650,1830,2606,2374,2790,100,100,85
SIMA,0,0,0,0,0,100,100,100
SIMP,364,350,365,374,448,93,58,14
SINI,1130,565,824,840,1545,100,100,58
SIPD,1000,735,953,986,1365,100,100,42
SKBM,228,200,233,280,525,85,35,9
SKLT,183,127,166,261,682,100,42,10
SKRN,310,286,306,483,760,100,12,5
SKYB,0,0,0,0,0,100,100,100
SLIS,63,50,53,66,164,100,81,11
SMAR,3430,3330,3533,3807,4770,49,21,7
SMBR,232,199,218,266,392,100,49,17
SMCB,830,830,1208,1374,2000,0,0,0
SMDM,210,140,172,181,222,100,100,85
SMDR,380,252,307,313,400,100,100,86
SMGA,91,61,87,89,170,100,100,28
SMGR,4060,3410,3899,5536,7250,100,31,17
SMIL,280,97,188,148,286,100,100,97
SMKL,184,180,188,201,326,50,19,3
SMKM,50,42,48,62,155,100,40,7
SMLE,61,50,65,121,316,73,15,4
SMMA,14600,11575,14591,14585,22200,100,100,28
SMMT,715,660,723,921,1305,87,21,9
SMRA,560,480,531,550,715,100,100,34
SMRU,0,0,0,0,0,100,100,100
SMSM,2030,1545,1777,1937,2520,100,100,50
SNLK,505,372,575,570,1210,66,67,16
SOCI,167,146,163,178,254,100,66,19
SOFA,20,13,17,17,21,100,100,88
SOHO,670,458,618,539,840,100,100,55
SOLA,0,28,68,68,274,0,0,0
SONA,880,605,989,1153,1960,72,50,20
SOSS,430,350,450,484,590,80,60,33
SOTS,159,82,168,235,510,90,50,18
SOUL,13,8,13,21,37,100,38,17
SPMA,304,272,291,343,472,100,45,16
SPRE,0,127,203,203,280,0,0,0
SPTO,525,486,520,550,605,100,61,33
SQMI,50,50,50,52,70,100,0,0
SRAJ,2310,202,2080,1122,2850,100,100,80
SRIL,0,0,0,0,0,100,100,100
SRSN,50,50,50,58,81,100,0,0
SRTG,1495,1225,1454,1534,1990,100,87,35
SSIA,1075,360,1098,713,1245,97,100,81
SSMS,1110,935,1064,1085,1345,100,100,43
SSTM,406,406,490,506,535,0,0,0
STAA,720,700,738,815,920,53,17,9
STAR,50,50,50,84,167,100,0,0
STRK,50,50,50,93,462,100,0,0
STTP,14875,8400,11189,10239,16900,100,100,76
SUGI,0,0,0,0,0,100,100,100
SULI,95,84,94,128,220,100,25,8
SUNI,525,286,545,424,680,92,100,61
SUPR,0,0,0,0,0,100,100,100
SURE,2510,1100,2394,1623,2590,100,100,95
SURI,137,103,175,283,750,47,19,5
SWAT,10,8,27,45,68,11,5,3
SWID,68,63,69,74,105,83,45,12
TALF,342,264,334,321,476,100,100,37
TAMA,12,6,9,16,44,100,60,16
TAMU,8,4,7,8,11,100,100,57
TAPG,585,520,575,564,675,100,100,42
TARA,7,3,5,8,12,100,80,44
TAXI,2,1,2,34,50,100,3,2
TAYS,76,50,83,104,168,79,48,22
TBIG,2000,1600,1892,1953,2200,100,100,67
TBLA,685,595,656,696,900,100,89,30
TBMS,840,732,859,1010,1745,85,39,11
TCID,2650,2430,2582,2734,3500,100,72,21
TCPI,7950,6200,7666,7833,9800,100,100,49
TDPM,0,0,0,0,0,100,100,100
TEBE,715,620,709,757,900,100,69,34
TECH,0,0,0,0,0,100,100,100
TELE,3,2,3,34,50,100,3,2
TFAS,119,100,120,621,3080,95,4,1
TFCO,635,635,639,658,680,0,0,0
TGKA,6675,6150,6774,6617,8000,84,100,28
TGRA,22,9,15,38,51,100,45,31
TGUK,50,50,52,91,242,0,0,0
TIFA,0,0,0,0,0,100,100,100
TINS,1005,520,909,758,1095,100,100,84
TIRA,342,171,378,389,500,83,78,52
TIRT,22,12,20,39,53,100,37,24
TKIM,8125,6125,8560,7594,10375,82,100,47
TLDN,440,376,446,453,470,91,83,68
TLKM,3140,2700,2998,3559,4240,100,51,29
TMAS,161,130,156,159,296,100,100,19
TMPO,72,50,70,80,104,100,73,41
TNCA,144,129,151,187,308,68,26,8
TOBA,252,193,240,262,432,100,86,25
TOOL,55,50,54,60,85,100,50,14
TOPS,0,0,0,0,0,100,100,100
TOSK,50,50,59,76,168,0,0,0
TOTL,595,350,512,433,700,100,100,70
TOTO,222,200,207,223,250,100,96,44
TOWR,780,660,735,870,1075,100,57,29
TOYS,0,0,0,0,0,100,100,100
TPIA,9475,1995,8988,5731,9975,100,100,94
TPMA,730,478,686,684,790,100,100,81
TRAM,0,0,0,0,0,100,100,100
TRGU,200,145,205,199,230,92,100,65
TRIL,0,0,0,0,0,100,100,100
TRIM,246,218,254,261,302,78,65,33
TRIN,113,100,112,135,252,100,37,9
TRIO,0,0,0,0,0,100,100,100
TRIS,188,155,181,203,334,100,69,18
TRJA,184,166,179,228,324,100,29,11
TRON,102,88,156,231,482,21,10,4
TRST,500,362,487,492,680,100,100,43
TRUE,13,11,13,38,51,100,7,5
TRUK,70,50,67,83,100,100,61,40
TRUS,426,310,398,408,496,100,100,62
TSPC,2000,1620,2005,1926,2200,99,100,66
TUGU,1180,985,1067,1125,1480,100,100,39
TYRE,132,90,136,127,162,91,100,58
UANG,498,388,512,581,930,89,57,20
UCID,910,740,856,976,1320,100,72,29
UDNG,0,45,67,82,136,0,0,0
UFOE,228,170,209,205,260,100,100,64
ULTJ,1900,1520,1843,1752,2130,100,100,62
UNIC,7725,7400,7854,7949,8800,72,59,23
UNIQ,625,85,517,311,665,100,100,93
UNIT,0,0,0,0,0,100,100,100
UNSP,78,69,83,100,125,64,29,16
UNTD,121,88,120,145,280,100,58,17
UNTR,24650,20925,22584,23569,28775,100,100,47
UNVR,2800,2330,2984,3126,4340,72,59,23
URBN,122,110,121,136,224,100,46,11
UVCR,87,62,78,117,191,100,45,19
VAST,91,55,83,71,100,100,100,80
VICI,610,515,637,644,800,78,74,33
VICO,102,75,98,113,248,100,71,16
VINS,135,100,139,147,220,90,74,29
VISI,535,110,415,311,545,100,100,98
VIVA,0,0,0,0,0,100,100,100
VKTR,135,80,114,125,244,100,100,34
VOKS,180,169,182,197,260,85,39,12
VRNA,89,80,88,88,105,100,100,36
VTNY,133,126,155,201,356,24,9,3
WAPO,129,84,129,115,160,100,100,59
WEGE,70,50,65,80,106,100,67,36
WEHA,108,91,106,148,192,100,30,17
WGSH,56,51,58,80,232,71,17,3
WICO,123,105,125,136,322,90,58,8
WIDI,9,6,9,30,282,100,12,1
WIFI,197,128,181,163,220,100,100,75
WIIM,1260,900,1114,1915,3850,100,35,12
WIKA,226,77,134,243,500,100,90,35
WINE,318,284,311,407,640,100,28,10
WINR,14,7,12,37,50,100,23,16
WINS,525,316,489,453,680,100,100,57
WIRG,90,72,91,105,153,95,55,22
WMPP,0,0,0,0,0,100,100,100
WMUU,12,6,9,37,50,100,19,14
WOMF,360,328,364,371,484,89,74,21
WOOD,228,166,216,294,500,100,48,19
WOWS,23,8,19,39,50,100,48,36
WSBP,23,10,14,38,51,100,46,32
WSKT,0,0,0,0,0,100,100,100
WTON,87,50,74,106,160,100,66,34
YELO,13,8,11,37,58,100,17,10
YPAS,280,171,252,363,645,100,57,23
YULE,2560,2020,2415,2347,3060,100,100,52
ZATA,10,6,8,37,50,100,13,9
ZBRA,380,352,436,453,464,33,28,25
ZINC,17,7,13,37,50,100,33,23
ZONE,1100,990,1079,1107,1300,100,94,35
ZYRX,160,129,150,166,350,100,84,14
